[
  {
    "id": "e3da9dd0-ec7d-4e15-ad94-6386e2a22229",
    "data": [
      {
        "text": "I had a bad day.",
        "userDefined": false
      }
    ],
    "isTemplate": false,
    "count": 0,
    "lang": "en",
    "updated": 0
  },
  {
    "id": "370fee57-a59d-4f2a-89b4-363e451e75a4",
    "data": [
      {
        "text": "I\u0027m not feeling well.",
        "userDefined": false
      }
    ],
    "isTemplate": false,
    "count": 0,
    "lang": "en",
    "updated": 0
  },
  {
    "id": "1efdc917-a277-4599-88d2-35145e1b6b05",
    "data": [
      {
        "text": "can I speak to you?",
        "userDefined": false
      }
    ],
    "isTemplate": false,
    "count": 0,
    "lang": "en",
    "updated": 0
  }
]